<!-- edited with XMLSPY v5 rel. 4 U (http://www.xmlspy.com) by rth77 (rth77) -->
<!--
/*
 * @(#)ProductBuildWs.xml 1.0  5/01/2007 5:30 PM
 *
 * Copyright: Copyright 2007 Polaris Software Lab Limited. All rights reserved.
 *
 */

/**
	Title       :	Intellect Sweeps - Pooling
	Source      :	ProductBuildWs.xml
	Description :	This is the XML file for building Intellect Sweeps - Pooling-Pooling Enterprised Archive
						using Another Neat Task. 
	
	Author      :	Sachin Patil
 	
 */

-->

<project name="ProductBuild" default="setenv">
	<!-- setting log file name where build log will be created -->
	<property name="logfilename" value="buildlog.txt"/>
	
	<target name="setenv">
		<!-- properties file for the build -->
		<property file="build.properties"/>
		
		<antcall target="MakeDir"/>
		<antcall target="MakeReportRelease"/>
		<antcall target="PRODUCT.CopySources"/>
		<antcall target="CUSTOM.CopySources"/>
		<ant antfile="CreateMenuFiles.xml"/>
		<antcall target="Create_en_LocaleProperties"/>
		<antcall target="CompileSources"/>
		<antcall target="MakeApplicationJar"/> 
	</target>
	
	<!-- creating the directory structure needed -->
	<target name="MakeDir">
		<mkdir dir="${BUILD.LIB.FOLDER}" description="directory to store runtime lib files"/>
		<mkdir dir="${temp.location}/${work.dir}"/>
		<mkdir dir="${temp.location}/${src.dir}"/>
		<mkdir dir="${temp.location}/${web.dir}"/>
		<mkdir dir="${temp.location}/${prop.dir}"/>
		<mkdir dir="${temp.location}/${descriptor.dir}"/> 
		<mkdir dir="${temp.location}/${sql.dir}"/>
		<!-- <mkdir dir="${temp.location}/${reports.dir}"/> -->
		<mkdir dir="${temp.location}/${prop.dir}/${tlineconfig.dir}"/>
		<mkdir dir="${temp.location}/${prop.dir}/${lmsconfig.dir}"/>
		<mkdir dir="${temp.location}/${prop.dir}/${armorconfig.dir}"/>
		<mkdir dir="${temp.location}/${prop.dir}/${cashcoreconfig.dir}"/>
		<mkdir dir="${temp.location}/${prop.dir}/LMSInterface"/>
	</target>
	

	<target name="dir.check">
		<condition property="dir.exists">
			<available file="${REPORTS.DIR}" type="dir"/>
		</condition>
	</target>

	<target name="MakeReportRelease" depends="dir.check" if="dir.exists">
		<echo message="Copying Reports installation files to ${ReleaseDir}"/>
		<zip destfile="${ReleaseDir}/ReportsProp.zip" >
			<fileset dir="${REPORTS.DIR}/Prop">
				<include name="*.*" />
				<exclude name="ARIALUNI.TTF" />
			</fileset>
		</zip>
		<copy todir="${ReleaseDir}">
			<fileset dir="${REPORTS.DIR}/EAR"> 
				<include name="Reports.ear"/>
			</fileset>
		</copy>
	</target>

	<target name="PRODUCT.CopySources">
		<echo message="Copying java files into src and compile directories"/>
		<copy todir="${temp.location}/${src.dir}">
			<fileset dir="${PRODUCT.SRC.PATH}/${src.dir}"> 
				<exclude name="com/polaris/cash/sweeps/maintenance/entity/LMSDataCollatorExt.java"/>
			</fileset>
		</copy>
		<echo message="Copying Product libraries"/>
		<copy todir="${BUILD.LIB.FOLDER}">
			<fileset dir="${PRODUCT.SRC.PATH}/${lib.dir}">
				<exclude name="*WL610.jar"/>
				<exclude name="*JBOSS.jar"/>
				<exclude name="MLAppCore.jar"/>
				<exclude name="MLAppCoreWAS50.jar"/>
				<exclude name="MLDriver.jar"/>
				<exclude name="TLAppCoreEJBClientView.jar"/>
				<exclude name="CashCoreConfig.jar"/>
				<exclude name="tline.jar"/>
				<exclude name="udf.jar"/>
				<exclude name="classes12.zip"/>
				<exclude name="ojdbc14_g.jar"/>
				<exclude name="armorproperties.jar"/>
				<exclude name="intellectlogger_properties.jar"/>
			</fileset>
		</copy>

		<echo message="Copying descriptor files"/>
		<copy todir="${temp.location}/${descriptor.dir}">
			<fileset dir="${PRODUCT.SRC.PATH}/Descriptors/WebSphere"> </fileset>
		</copy>
		<echo message="Copying web files"/>
		<copy todir="${temp.location}/${web.dir}">
			<fileset dir="${PRODUCT.SRC.PATH}/${web.dir}">
			<exclude name="WEB-INF/lib/MLWeb.jar"/> 
			<exclude name="WEB-INF/lib/MLDriver.jar"/>
			</fileset>
		</copy>
		<echo message="Copying TLine configuratin files"/>
		<copy todir="${temp.location}/${prop.dir}/${tlineconfig.dir}">
			<fileset dir="${PRODUCT.SRC.PATH}/Config/${tlineconfig.dir}"/>
		</copy>
		<echo message="Copying lms configuration files"/>
		<copy todir="${temp.location}/${prop.dir}/${lmsconfig.dir}">
				<fileset dir="${PRODUCT.SRC.PATH}/Config/${lmsconfig.dir}"/>
		</copy>
		<echo message="Copying cashcore configuration files"/>
		<copy todir="${temp.location}/${prop.dir}/${cashcoreconfig.dir}">
			<fileset dir="${PRODUCT.SRC.PATH}/Config/${cashcoreconfig.dir}"/>
		</copy>
		<echo message="Copying armor configuration files"/>
		<copy todir="${temp.location}/${prop.dir}/${armorconfig.dir}">
			<fileset dir="${PRODUCT.SRC.PATH}/Config/${armorconfig.dir}"/>
		</copy>
		<echo message="Copying discriptor files to their relative folders .... "/>
		<copy file="${temp.location}/${descriptor.dir}/ibm-web-bnd.xmi" 
				tofile="${temp.location}/web/WEB-INF/ibm-web-bnd.xmi" failonerror="true"
		/>
		<copy file="${temp.location}/${descriptor.dir}/ibm-web-ext.xmi" 
				tofile="${temp.location}/web/WEB-INF/ibm-web-ext.xmi" failonerror="true"
		/>
		<!-- <copy file="${temp.location}/${descriptor.dir}/struts-config.xml" 
				tofile="${temp.location}/${web.dir}/WEB-INF/struts-config.xml" failonerror="true"
		/> -->
		<copy file="${temp.location}/${descriptor.dir}/web.xml" 
				tofile="${temp.location}/${web.dir}/WEB-INF/web.xml" failonerror="true"
		/>
	</target>

		
	<target name="CUSTOM.CopySources">
		<echo message="Copying CUSTOM source files into src"/>
		<copy todir="${temp.location}/${src.dir}" overwrite="true">
			<fileset dir="${CUSTOM.SRC.PATH}/${src.dir}"> 
				<exclude name="com/polaris/cash/sweeps/maintenance/entity/LMSDataCollatorExt.java"/>
				<exclude name="com/polaris/custom/pooling/maintenance/entity/HSBCLMSDataCollatorExt.java"/>	
			</fileset>
		</copy>
		<echo message="Copying CUSTOM libraries"/>
		<copy todir="${BUILD.LIB.FOLDER}" overwrite="true">
			<fileset dir="${CUSTOM.SRC.PATH}/${lib.dir}">
			</fileset>
		</copy>
		<echo message="Copying CUSTOM descriptor files"/>
		<copy todir="${temp.location}/${descriptor.dir}" overwrite="true">
			<fileset dir="${CUSTOM.SRC.PATH}/Descriptors/WebSphere"> </fileset>
		</copy>
		<replace dir="${temp.location}/${descriptor.dir}" >
			<include name="**/*.*"/>
			<replacefilter token="@IMPLEMENTATION_VERSION@" value="${IMPLEMENTATION.VERSION}"/>
		</replace>

		<echo message="Copying CUSTOM web files"/>
		<copy todir="${temp.location}/${web.dir}" overwrite="true">
			<fileset dir="${CUSTOM.SRC.PATH}/${web.dir}"/>
		</copy>
		<echo message="Copying CUSTOM struts-config.xml file"/>
		<copy file="${temp.location}/${descriptor.dir}/struts-config.xml" failonerror="true" 
				tofile="${temp.location}/${web.dir}/WEB-INF/struts-config.xml" overwrite="true"
		/>
		<echo message="Copying CUSTOM TLine configuratin files"/>
		<copy todir="${temp.location}/${prop.dir}/${tlineconfig.dir}" overwrite="true">
			<fileset dir="${CUSTOM.SRC.PATH}/Config/${tlineconfig.dir}"/>
		</copy>
		<echo message="Copying CUSTOM lms configuration files"/>
		<copy todir="${temp.location}/${prop.dir}/${lmsconfig.dir}" overwrite="true">
			<fileset dir="${CUSTOM.SRC.PATH}/Config/${lmsconfig.dir}"/>
		</copy>

		<!-- Copying Armor Config files -->
		<!-- <delete includeemptydirs="true">
			<fileset dir="${temp.location}/${prop.dir}/${armorconfig.dir}" includes="**/*"/>
		</delete> -->
		<echo message="Copying CUSTOM armor configuration files"/>
		<copy todir="${temp.location}/${prop.dir}/${armorconfig.dir}" overwrite="true" failonerror="false">
			<fileset dir="${CUSTOM.SRC.PATH}/Config/${armorconfig.dir}"/>
		</copy>

		<!-- Copying Interface Config files -->
		<echo message="Copying CUSTOM Interface configuration files"/>
		<copy todir="${temp.location}/${prop.dir}/LMSInterface" failonerror="false">
			<fileset dir="${CUSTOM.SRC.PATH}/Config/LMSInterface"/>
		</copy>

	</target>

	
	<target name="Create_en_LocaleProperties" description="Creating 'en' locale specific property files">
		
		<echo message="Creating en locale properties in TLine configuration files"/>
		<copy todir="${temp.location}/${prop.dir}/${tlineconfig.dir}">
			<fileset dir="${temp.location}/${prop.dir}/${tlineconfig.dir}"/>
			<mapper type="glob" from="*_en_US.properties" to="*_en.properties"/>
		</copy>
		<echo message="Creating en locale properties in LMSConfig messages files"/>
		<copy todir="${temp.location}/${prop.dir}/${lmsconfig.dir}">
			<fileset dir="${temp.location}/${prop.dir}/${lmsconfig.dir}"/>
			<mapper type="glob" from="*_en_US.properties" to="*_en.properties"/>
		</copy>
		<echo message="Creating en locale properties in web_script files"/>
		<copy todir="${temp.location}/${web.dir}">
			<fileset dir="${temp.location}/${web.dir}"/>
			<mapper type="glob" from="*_en_US.js" to="*_en.js"/>
		</copy>

	</target>

	
	<target name="CompileSources" description="Compiling all java sources">
		<record name="${BUILD.LOG.PATH}/${complielogfilename}" append="no" loglevel="verbose" action="start"/>
			<ant antfile="CompileSource.xml"/>
			
			<copy file="${temp.location}/${work.dir}/com/polaris/cash/sweeps/config/Config.class" tofile="${temp.location}/${prop.dir}/${lmsconfig.dir}/com/polaris/cash/sweeps/config/Config.class" failonerror="true"/> 
		<record name="${BUILD.LOG.PATH}/${complielogfilename}" append="no" loglevel="verbose" action="stop"/>
	</target>
	
	
	<target name="MakeApplicationJar" description="call other xml files to build the product">
		<record name="${BUILD.LOG.PATH}/${jarlogfilename}" append="no" loglevel="verbose" action="start"/>
		<ant antfile="MakeApplicationJarWS.xml"/>
		<record name="${BUILD.LOG.PATH}/${jarlogfilename}" append="no" loglevel="verbose" action="stop"/>
	</target>
	
	<target name="MakeApplicationEar" description="call other xml files to build the product">
		<record name="${BUILD.LOG.PATH}/${earlogfilename}" append="no" loglevel="verbose" action="start"/>
		<ant antfile="MakeApplicationEarWS.xml"/>
		<record name="${BUILD.LOG.PATH}/${earlogfilename}" append="no" loglevel="verbose" action="stop"/>
	</target>
	

	<!--Cleaning Task -->
	<target name="Clean">
		<delete dir="${temp.location}" failonerror="false"/>
	</target>

</project>
