<?xml version="1.0" encoding="UTF-8"?>

<!--
/*
 * @(#)Build.xml 1.0  18/03/2007
 *
 * Copyright: Copyright 2007 Polaris Software Lab Limited. All rights reserved.
 *
 */

/*
 * Title       : Intellect Sweeps - Pooling
 * Source      : ProductBuild.xml
 * Description : This is the XML file for chosing the server to build the proejct for.
 * Author      : Sachin Patil
 *		 
 */

-->

<!-- take the server as users choice before building the Project -->
<!-- <project name="SETSERVER" default="BuildStartup"> -->

<project name="SETSERVER" default="RunQuickBuild">

	<tstamp/>
	<!-- properties file for the build -->
	<property file="build.properties"/>
	<property name="CURRENT.TSTAMP" value="${DSTAMP}${TSTAMP}"/>
	<property name="BUILD.DIR" location="BuildOutput"/>
	<property name="WORK.FOLDER" location="${BUILD.DIR}/Build_${CURRENT.TSTAMP}"/>
	<property name="temp.location" location="${WORK.FOLDER}/temp"/>
	<property name="EAR.location" location="${temp.location}/EAR"/>
	<property name="ReleaseDir" location="${WORK.FOLDER}/ReleaseTar"/>
	<property name="BUILD.LIB.FOLDER" location="${WORK.FOLDER}/lib"/>

	<property name="BUILD.LOG.PATH" location="${WORK.FOLDER}/Logs"/>

	<target name="RunQuickBuild">
		
		<mkdir dir="${temp.location}"/>
		<mkdir dir="${EAR.location}"/>
		<mkdir dir="${BUILD.LOG.PATH}" description="directory to log the ant process"/>
		<record name="${BUILD.LOG.PATH}/build.log" append="no" loglevel="verbose" action="start"/>

		<echo message="----------------------"/>
		<echo message="  JVM Version - ${ant.java.version}"/>
		<echo message="----------------------"/>
		<echo message=""/>

		<property name="COD.MODULE" value="ANZ"/>
		<property name="ARMOR.VERSION" value="TRUE"/>

		<echo message="Generating build for application : ${COD.MODULE} - ${APP.VERSION}"/>
		<echo message="Application Implementation Version : ${IMPLEMENTATION.VERSION}"/>
		<echo message=""/>
		<echo message="Armor enabled flag : ${ARMOR.VERSION}"/>
		<echo message=""/>
		
		<mkdir dir="${ReleaseDir}"/>
		<ant antfile="CreateSQLTar.xml" target="StartProcess" inheritRefs="true" inheritAll="true"/>
		<ant antfile="ProductBuildWS.xml"  inheritRefs="true" inheritAll="true"/>
		<ant antfile="ProductFinalBuild.xml" inheritRefs="true" inheritAll="true"/>
		<antcall target="Clean"/>

		<record name="${BUILD.LOG.PATH}/build.log" append="no" loglevel="verbose" action="stop"/>
	</target>

	<!--Cleaning Task -->
	<target name="Clean">
		<delete dir="${temp.location}" failonerror="false"/>
	</target>


</project>