<!-- edited with XMLSPY v5 rel. 4 U (http://www.xmlspy.com) by rth77 (rth77) -->
<!--
/*
 * @(#)Build.xml 1.0  13/01/2007
 *
 * Copyright: Copyright 2007 Polaris Software Lab Limited. All rights reserved.
 *
 */

/*
 	Title       :	Intellect Sweeps - Pooling
 	Source      :	ProductFinalBuild.xml
 	Description :	This is the XML file for building Intellect Sweeps - Pooling Enterprised Archive
						using Another Neat Task. 
	
	Author      :	Sachin Patil
 	
 *		 
 */

-->
<project name="ProductFinalBuild" default="setenv">

	<!-- setting log file name where build log will be created -->
	<property name="log" location="${temp.location}/${log}"/>
	<property name="logfilename" value="tarlog.txt"/>

	<!-- setting the product specific environment; file supplied by product team -->
	<target name="setenv">
		<!-- properties file for the build -->
		<property file="build.properties"/>
		<antcall target="setServer"/>
		<!-- <antcall target="createEar"/> -->
	</target>

	<target name="setServer">
		<!-- properties file for the build -->

		<property name="TARGET_SERVER_WEBLOGIC" value="${Target_Server_WebLogic}"/>
		<property name="TARGET_SERVER_WEBSPHERE" value="${Target_Server_WebSphere}"/>
		<property name="TARGET_DB_ORACLE" value="${Target_Database_Oracle}"/>
		<property name="TARGET_DB_DB2" value="${Target_Database_DB2}"/>

		<echo message=" --------- THE TARGET SERVER HAS BEEN CHOOSEN AS :---------  "/>

		<condition property="TargetServerWL">
			<equals arg1="true" arg2="${TARGET_SERVER_WEBLOGIC}"/>
		</condition>

		<condition property="TargetServerWS">
			<equals arg1="true" arg2="${TARGET_SERVER_WEBSPHERE}"/>
		</condition>


		<condition property="TargetDBOracle">
			<equals arg1="true" arg2="${TARGET_DB_ORACLE}"/>
		</condition>

		<condition property="TargetDBDB2">
			<equals arg1="true" arg2="${TARGET_DB_DB2}"/>
		</condition>


		<antcall target="BuildEARWS"/>
		<antcall target="BuildEARWL"/>
		

	</target>

	<target name="Exit" if="do.exit">
		<echo>Installation aborted by user.</echo>
	</target>


	<target name="BuildEARWL" if="TargetServerWL">
	<echo> ------- WEBLOGIC SERVER -------- </echo>
		<!-- <echo>WAIT BUILDING ARCHIVE FOR WEBLOGIC SERVER</echo> -->
		<!-- set the installation properties here  -->
		<antcall target="BuildEARWL_ORACLE"/>
		<antcall target="BuildEARWL_DB2"/>
		
		<!-- 
		<delete file="./installation.properties"/> 	
		<copy file="./installationWL.properties" tofile="./installation.properties"/>
		<move file="./installationWL.properties" toFile="./installation.properties"/>
		<antcall target="createEarWL"/> 
		-->
	</target>


	<target name="BuildEARWS" if="TargetServerWS">
		<echo> ------- WEBSPHERE SERVER -------- </echo>
		<!-- <echo>WAIT BUILDING ARCHIVE FOR WEBSPHERE SERVER</echo> -->
		
		<antcall target="BuildEARWS_ORACLE"/>
		<antcall target="BuildEARWS_DB2"/>
		
		<!-- set the installation properties here  -->
		
		<!-- 
		<delete file="./installation.properties"/> 	
		<copy file="./installationWS.properties" tofile="./installation.properties"/>
		<move file="./installationWS.properties" toFile="./installation.properties"/> 
		<antcall target="createEarWS"/>
		-->
	</target>

	<target name="BuildEARWL_ORACLE" if="TargetDBOracle">

		<echo message="--------- DATABASE HAS BEEN CHOOSEN AS : ORACLE ---------" />
		<echo/>
		<echo>------- WAIT BUILDING ARCHIVE FOR WEBLOGIC SERVER -------</echo>

		<!-- set the installation properties here  -->
		<delete file="./installation.properties"/> 	
		<copy file="./installationWL_Oracle.properties" tofile="./installation.properties"/>
		<!-- <move file="./installationWS.properties" toFile="./installation.properties"/> -->
		<antcall target="createEarWS"/>
	</target>

	<target name="BuildEARWL_DB2" if="TargetDBDB2">

		<echo message="--------- DATABASE HAS BEEN CHOOSEN AS : DB2 ---------" />
		<echo/>
		<echo> ------- WAIT BUILDING ARCHIVE FOR WEBLOGIC SERVER -------</echo>

		<!-- set the installation properties here  -->
		<delete file="./installation.properties"/> 	
		<copy file="./installationWL_DB2.properties" tofile="./installation.properties"/>
		<!-- <move file="./installationWS.properties" toFile="./installation.properties"/> -->
		<antcall target="createEarWS"/>
	</target>

	<target name="BuildEARWS_ORACLE" if="TargetDBOracle">

		<echo message="--------- DATABASE HAS BEEN CHOOSEN AS : ORACLE ---------" />
		<echo/>
		<echo> ------- WAIT BUILDING ARCHIVE FOR WEBSPHERE SERVER -------</echo>

		<!-- set the installation properties here  -->
		<delete file="./installation.properties"/> 	
		<copy file="./installationWS_Oracle.properties" tofile="./installation.properties"/>
		<!-- <move file="./installationWS.properties" toFile="./installation.properties"/> -->
		<antcall target="createEarWS"/>
	</target>

	<target name="BuildEARWS_DB2" if="TargetDBDB2">

		<echo message="--------- DATABASE HAS BEEN CHOOSEN AS : DB2 ---------" />
		<echo/>
		<echo>------- WAIT BUILDING ARCHIVE FOR WEBSPHERE SERVER -------</echo>

		<!-- set the installation properties here  -->
		<delete file="./installation.properties"/> 	
		<copy file="./installationWS_DB2.properties" tofile="./installation.properties"/>
		<!-- <move file="./installationWS.properties" toFile="./installation.properties"/> -->
		<antcall target="createEarWS"/>
	</target>


	<target name="createEarWS" description="call other xml files to build the product">
		<ant antfile="MakeApplicationEarWS.xml"/>
		<antcall target="MakeApplicationTar"/>
	</target>

	<target name="createEarWL" description="call other xml files to build the product">
		<ant antfile="MakeApplicationEarWL.xml"/>
		<antcall target="MakeApplicationTar"/>
	</target>


	<!-- Making Application Tar-->
	<target name="MakeApplicationTar">
		<tar destfile="${ReleaseDir}/${appTarFile}">
			<tarfileset dir="${temp.location}">
				<include name="${appEarFile}"/>
			</tarfileset> 
			<tarfileset dir=".">
				<include name="EARDeploy.xml"/>
			</tarfileset>
		</tar>
		<antcall target="CreateReleaseTar"/>
	</target>

	<!-- <target name="MakeReleaseTar">
		<antcall target="SetReleaseName_for_NON_AROMR_VERSION" inheritRefs="true" />
		<antcall target="SetReleaseName_for_AROMR_VERSION" inheritRefs="true" />
	</target>
	<target name="SetReleaseName_for_NON_AROMR_VERSION" if="NON-ARMOR.VERSION">
		<property name="RELEASE_NAME" value="NONARMOR"/>
		<antcall target="CreateReleaseTar" inheritRefs="true" />
	</target>
	<target name="SetReleaseName_for_AROMR_VERSION" if="ARMOR.VERSION">
		<property name="RELEASE_NAME" value="ARMOR"/>
		<antcall target="CreateReleaseTar" inheritRefs="true" />
	</target> -->

	<target name="CreateReleaseTar">
		<echo message="Creating Product Release Tar "/>

		<echo message="Copying other installation properties and xml files to ${ReleaseDir}"/>
		<copy todir="${ReleaseDir}">
			<fileset dir="."> 
				<include name="ReleaseInfo.properties"/>
				<include name="installation.properties"/>
				<include name="Installation.xml"/>
				<include name="Tokens.properties"/>
				<include name="ReplaceTokens.xml"/>
				<include name="CreateJDBC.jacl"/>
				<include name="CreateJMS.jacl"/>
				<include name="RemoveJMS.jacl"/>
				<include name="AppFolderStructure.zip"/>
			</fileset>
		</copy>
		<replace dir="${ReleaseDir}" >
			<include name="**/*.*"/>
			<replacefilter token="@APP_VERSION@" value="${APP.VERSION}"/>
			<replacefilter token="@IMPLEMENTATION_VERSION@" value="${IMPLEMENTATION.VERSION}"/>
		</replace>
		
		<tar destfile="${BUILD.DIR}/LMS_${COD.MODULE}_${APP.VERSION}_Rel${CURRENT.TSTAMP}.tar">
			<tarfileset dir="${ReleaseDir}"> 
				<include name="**/*" />
			</tarfileset>
		</tar>
		<!-- <tar destfile="LMS_${RELEASE_NAME}_Rel${DSTAMP}${TSTAMP}.tar">
			<tarfileset dir="./"> 
				<include name="${appTarFile}"/>
				<include name="${sqlTarFile}"/>
				<include name="interfaceInstallation.properties"/>
				<include name="installation.properties"/>
				<include name="Installation.xml"/>
				<include name="InstallationNonArmor.xml"/>
			</tarfileset>
		</tar>
		<delete file= "${appTarFile}" failonerror="false"/>
		<delete file= "${sqlTarFile}" failonerror="false"/> -->
		
		<delete file= "installation.properties" failonerror="false"/>
		<delete dir= "${ReleaseDir}" failonerror="false"/>
	</target>

	
</project>
